{
  "LoginPage-18" : {
    "transaction" : "LoginPage-18",
    "sampleCount" : 20,
    "errorCount" : 0,
    "errorPct" : 0.0,
    "meanResTime" : 297.49999999999994,
    "medianResTime" : 296.0,
    "minResTime" : 251.0,
    "maxResTime" : 360.0,
    "pct1ResTime" : 340.6,
    "pct2ResTime" : 359.05,
    "pct3ResTime" : 360.0,
    "throughput" : 17.452006980802793,
    "receivedKBytesPerSec" : 61.02748691099477,
    "sentKBytesPerSec" : 7.907940663176266
  },
  "RegisterPage-12" : {
    "transaction" : "RegisterPage-12",
    "sampleCount" : 20,
    "errorCount" : 0,
    "errorPct" : 0.0,
    "meanResTime" : 278.9,
    "medianResTime" : 275.5,
    "minResTime" : 252.0,
    "maxResTime" : 343.0,
    "pct1ResTime" : 320.30000000000007,
    "pct2ResTime" : 342.0,
    "pct3ResTime" : 343.0,
    "throughput" : 17.21170395869191,
    "receivedKBytesPerSec" : 63.632879733218594,
    "sentKBytesPerSec" : 7.799053356282273
  },
  "HomePage-1" : {
    "transaction" : "HomePage-1",
    "sampleCount" : 20,
    "errorCount" : 0,
    "errorPct" : 0.0,
    "meanResTime" : 600.4000000000001,
    "medianResTime" : 603.5,
    "minResTime" : 567.0,
    "maxResTime" : 632.0,
    "pct1ResTime" : 630.3000000000001,
    "pct2ResTime" : 631.95,
    "pct3ResTime" : 632.0,
    "throughput" : 13.368983957219251,
    "receivedKBytesPerSec" : 58.8705297459893,
    "sentKBytesPerSec" : 4.765311664438503
  },
  "RegisterPage" : {
    "transaction" : "RegisterPage",
    "sampleCount" : 20,
    "errorCount" : 0,
    "errorPct" : 0.0,
    "meanResTime" : 278.9,
    "medianResTime" : 275.5,
    "minResTime" : 252.0,
    "maxResTime" : 343.0,
    "pct1ResTime" : 320.30000000000007,
    "pct2ResTime" : 342.0,
    "pct3ResTime" : 343.0,
    "throughput" : 17.21170395869191,
    "receivedKBytesPerSec" : 63.632879733218594,
    "sentKBytesPerSec" : 7.799053356282273
  },
  "LoginPage" : {
    "transaction" : "LoginPage",
    "sampleCount" : 40,
    "errorCount" : 0,
    "errorPct" : 0.0,
    "meanResTime" : 297.52500000000003,
    "medianResTime" : 288.0,
    "minResTime" : 251.0,
    "maxResTime" : 517.0,
    "pct1ResTime" : 335.29999999999995,
    "pct2ResTime" : 359.0499999999999,
    "pct3ResTime" : 517.0,
    "throughput" : 18.90359168241966,
    "receivedKBytesPerSec" : 66.11549651465027,
    "sentKBytesPerSec" : 8.537999172967863
  },
  "LoginSub-19" : {
    "transaction" : "LoginSub-19",
    "sampleCount" : 20,
    "errorCount" : 0,
    "errorPct" : 0.0,
    "meanResTime" : 355.3999999999999,
    "medianResTime" : 344.5,
    "minResTime" : 295.0,
    "maxResTime" : 497.0,
    "pct1ResTime" : 423.90000000000003,
    "pct2ResTime" : 493.4,
    "pct3ResTime" : 497.0,
    "throughput" : 14.619883040935672,
    "receivedKBytesPerSec" : 46.51521381578947,
    "sentKBytesPerSec" : 10.094001279239766
  },
  "HomePage" : {
    "transaction" : "HomePage",
    "sampleCount" : 20,
    "errorCount" : 0,
    "errorPct" : 0.0,
    "meanResTime" : 600.4000000000001,
    "medianResTime" : 603.5,
    "minResTime" : 567.0,
    "maxResTime" : 632.0,
    "pct1ResTime" : 630.3000000000001,
    "pct2ResTime" : 631.95,
    "pct3ResTime" : 632.0,
    "throughput" : 13.149243918474689,
    "receivedKBytesPerSec" : 57.902901051939516,
    "sentKBytesPerSec" : 4.686986357659435
  },
  "RegisterSub-14" : {
    "transaction" : "RegisterSub-14",
    "sampleCount" : 20,
    "errorCount" : 0,
    "errorPct" : 0.0,
    "meanResTime" : 329.3999999999999,
    "medianResTime" : 321.0,
    "minResTime" : 293.0,
    "maxResTime" : 422.0,
    "pct1ResTime" : 366.6,
    "pct2ResTime" : 419.24999999999994,
    "pct3ResTime" : 422.0,
    "throughput" : 17.543859649122805,
    "receivedKBytesPerSec" : 56.33223684210527,
    "sentKBytesPerSec" : 13.466282894736842
  },
  "Total" : {
    "transaction" : "Total",
    "sampleCount" : 140,
    "errorCount" : 0,
    "errorPct" : 0.0,
    "meanResTime" : 370.6285714285714,
    "medianResTime" : 323.0,
    "minResTime" : 251.0,
    "maxResTime" : 647.0,
    "pct1ResTime" : 595.8,
    "pct2ResTime" : 619.95,
    "pct3ResTime" : 640.85,
    "throughput" : 39.403321137067266,
    "receivedKBytesPerSec" : 145.47235610751477,
    "sentKBytesPerSec" : 20.10844708696876
  },
  "LoginPage-8" : {
    "transaction" : "LoginPage-8",
    "sampleCount" : 20,
    "errorCount" : 0,
    "errorPct" : 0.0,
    "meanResTime" : 297.54999999999995,
    "medianResTime" : 287.0,
    "minResTime" : 256.0,
    "maxResTime" : 517.0,
    "pct1ResTime" : 314.40000000000003,
    "pct2ResTime" : 506.89999999999986,
    "pct3ResTime" : 517.0,
    "throughput" : 16.93480101608806,
    "receivedKBytesPerSec" : 59.24038156223539,
    "sentKBytesPerSec" : 7.623968035563082
  },
  "LoginSub-20" : {
    "transaction" : "LoginSub-20",
    "sampleCount" : 20,
    "errorCount" : 0,
    "errorPct" : 0.0,
    "meanResTime" : 435.25000000000006,
    "medianResTime" : 428.0,
    "minResTime" : 328.0,
    "maxResTime" : 647.0,
    "pct1ResTime" : 604.1,
    "pct2ResTime" : 644.9,
    "pct3ResTime" : 647.0,
    "throughput" : 13.966480446927374,
    "receivedKBytesPerSec" : 60.82374956354749,
    "sentKBytesPerSec" : 5.605686976256983
  },
  "LoginSub" : {
    "transaction" : "LoginSub",
    "sampleCount" : 20,
    "errorCount" : 0,
    "errorPct" : 0.0,
    "meanResTime" : 790.6500000000001,
    "medianResTime" : 769.0,
    "minResTime" : 647.0,
    "maxResTime" : 1013.0,
    "pct1ResTime" : 964.8,
    "pct2ResTime" : 1010.5999999999999,
    "pct3ResTime" : 1013.0,
    "throughput" : 11.580775911986104,
    "receivedKBytesPerSec" : 87.27992002026636,
    "sentKBytesPerSec" : 12.643854950781702
  },
  "RegisterSub" : {
    "transaction" : "RegisterSub",
    "sampleCount" : 20,
    "errorCount" : 0,
    "errorPct" : 0.0,
    "meanResTime" : 329.3999999999999,
    "medianResTime" : 321.0,
    "minResTime" : 293.0,
    "maxResTime" : 422.0,
    "pct1ResTime" : 366.6,
    "pct2ResTime" : 419.24999999999994,
    "pct3ResTime" : 422.0,
    "throughput" : 17.543859649122805,
    "receivedKBytesPerSec" : 56.33223684210527,
    "sentKBytesPerSec" : 13.466282894736842
  }
}